rank,gid,role,priority_score,why
1,100000000331309100,distributor,0.974321587004812,"It matches the distribution review rule, with observed payments to 99 accounts. It is reachable from 4 starting case accounts within four directed hops and lies on shortest directed routes between other accounts in the observed graph."
2,100000003115284100,consolidator,0.974278834585415,"It matches the collection review rule, with observed payments from 8 accounts. It is reachable from 9 starting case accounts within four directed hops and lies on shortest directed routes between other accounts in the observed graph."
3,100000008603629100,coordinator,0.9719904895898037,It matches the coordination review rule across 80 observed directed relationships. It is reachable from 4 starting case accounts within four directed hops and lies on shortest directed routes between other accounts in the observed graph.
4,100000000437046100,distributor,0.9679711944235857,"It matches the distribution review rule, with observed payments to 42 accounts. It is reachable from 4 starting case accounts within four directed hops and lies on shortest directed routes between other accounts in the observed graph."
5,100000008165763100,coordinator,0.9651871619819745,It matches the coordination review rule across 32 observed directed relationships. It is reachable from 6 starting case accounts within four directed hops and lies on shortest directed routes between other accounts in the observed graph.
6,100000008346837100,coordinator,0.9650062634455648,It matches the coordination review rule across 34 observed directed relationships. It is reachable from 6 starting case accounts within four directed hops and lies on shortest directed routes between other accounts in the observed graph.
7,100000004156082100,distributor,0.9640225197974969,"It matches the distribution review rule, with observed payments to 26 accounts. It is reachable from 4 starting case accounts within four directed hops and lies on shortest directed routes between other accounts in the observed graph."
8,100000002957787100,distributor,0.9554148913386146,"It matches the distribution review rule, with observed payments to 34 accounts. It is reachable from 4 starting case accounts within four directed hops and lies on shortest directed routes between other accounts in the observed graph."
9,100000008477350100,distributor,0.9464241860016558,"It matches the distribution review rule, with observed payments to 39 accounts. It is reachable from 3 starting case accounts within four directed hops and lies on shortest directed routes between other accounts in the observed graph."
10,100000002398779100,consolidator,0.9426956305726225,"It matches the collection review rule, with observed payments from 13 accounts. It is reachable from 5 starting case accounts within four directed hops and lies on shortest directed routes between other accounts in the observed graph."
11,100000003684369100,distributor,0.9400310627222166,"It matches the distribution review rule, with observed payments to 62 accounts. It is reachable from 6 accounts that started the case within four directed hops, in addition to reaching itself and lies on shortest directed routes between other accounts in the observed graph."
12,100000008489922100,distributor,0.9385906335678927,"It matches the distribution review rule, with observed payments to 36 accounts. It is reachable from 3 starting case accounts within four directed hops and lies on shortest directed routes between other accounts in the observed graph."
13,100000001857829100,distributor,0.9347910009291529,"It matches the distribution review rule, with observed payments to 16 accounts. It is reachable from 3 starting case accounts within four directed hops and lies on shortest directed routes between other accounts in the observed graph."
14,100000005910114100,distributor,0.9346365356319065,"It matches the distribution review rule, with observed payments to 19 accounts. It is reachable from 4 starting case accounts within four directed hops and lies on shortest directed routes between other accounts in the observed graph."
15,100000004015047100,consolidator,0.9344513588758171,"It matches the collection review rule, with observed payments from 9 accounts. It is reachable from 8 starting case accounts within four directed hops and lies on shortest directed routes between other accounts in the observed graph."
16,100000005074393100,coordinator,0.9328291963194706,It matches the coordination review rule across 10 observed directed relationships. It is reachable from 6 starting case accounts within four directed hops and lies on shortest directed routes between other accounts in the observed graph.
17,100000006889963100,consolidator,0.9286112030031447,"It matches the collection review rule, with observed payments from 4 accounts. It is reachable from 9 starting case accounts within four directed hops and lies on shortest directed routes between other accounts in the observed graph."
18,100000003016635100,distributor,0.9259567209438908,"It matches the distribution review rule, with observed payments to 73 accounts. It is reachable from 3 accounts that started the case within four directed hops, in addition to reaching itself and lies on shortest directed routes between other accounts in the observed graph."
19,100000007442518100,coordinator,0.925040378333657,It matches the coordination review rule across 14 observed directed relationships. It is reachable from 4 starting case accounts within four directed hops and lies on shortest directed routes between other accounts in the observed graph.
20,100000000343175100,distributor,0.9247548759292576,"It matches the distribution review rule, with observed payments to 31 accounts. It is reachable from 4 accounts that started the case within four directed hops, in addition to reaching itself and lies on shortest directed routes between other accounts in the observed graph."
21,100000001937767100,distributor,0.9235593039847004,"It matches the distribution review rule, with observed payments to 4 accounts. It is reachable from 5 starting case accounts within four directed hops and lies on shortest directed routes between other accounts in the observed graph."
22,100000003242289100,distributor,0.9229035663187352,"It matches the distribution review rule, with observed payments to 23 accounts. It is reachable from 3 starting case accounts within four directed hops and lies on shortest directed routes between other accounts in the observed graph."
23,100000003635170100,coordinator,0.9228576003920032,It matches the coordination review rule across 7 observed directed relationships. It is reachable from 5 starting case accounts within four directed hops and lies on shortest directed routes between other accounts in the observed graph.
24,100000006866783100,distributor,0.9220766036441893,"It matches the distribution review rule, with observed payments to 67 accounts. It is reachable from 3 accounts that started the case within four directed hops, in addition to reaching itself and lies on shortest directed routes between other accounts in the observed graph."
25,100000008730846100,coordinator,0.9219354859935244,It matches the coordination review rule across 10 observed directed relationships. It is reachable from 4 starting case accounts within four directed hops and lies on shortest directed routes between other accounts in the observed graph.
26,100000008547948100,distributor,0.9208943773723942,"It matches the distribution review rule, with observed payments to 26 accounts. It is reachable from 3 starting case accounts within four directed hops and lies on shortest directed routes between other accounts in the observed graph."
27,100000008710791100,distributor,0.9197767303041262,"It matches the distribution review rule, with observed payments to 23 accounts. It is reachable from 5 starting case accounts within four directed hops and lies on shortest directed routes between other accounts in the observed graph."
28,100000001530983100,distributor,0.9177474743367005,"It matches the distribution review rule, with observed payments to 11 accounts. It is reachable from 5 starting case accounts within four directed hops and lies on shortest directed routes between other accounts in the observed graph."
29,100000005933757100,distributor,0.9149282783583759,"It matches the distribution review rule, with observed payments to 34 accounts. It lies on shortest directed routes between other accounts in the observed graph and is reachable from 2 starting case accounts within four directed hops."
30,100000008686313100,consolidator,0.9115516480166866,"It matches the collection review rule, with observed payments from 6 accounts. It is reachable from 3 starting case accounts within four directed hops and lies on shortest directed routes between other accounts in the observed graph."
31,100000008733194100,coordinator,0.9091298104686453,It matches the coordination review rule across 12 observed directed relationships. It is reachable from 4 starting case accounts within four directed hops and lies on shortest directed routes between other accounts in the observed graph.
32,100000005339662100,coordinator,0.9070660153048302,It matches the coordination review rule across 8 observed directed relationships. It is reachable from 3 starting case accounts within four directed hops and lies on shortest directed routes between other accounts in the observed graph.
33,100000008547844100,distributor,0.9063663413018941,"It matches the distribution review rule, with observed payments to 19 accounts. It is reachable from 3 starting case accounts within four directed hops and lies on shortest directed routes between other accounts in the observed graph."
34,100000008743913100,distributor,0.9052441784094949,"It matches the distribution review rule, with observed payments to 13 accounts. It is reachable from 6 starting case accounts within four directed hops and lies on shortest directed routes between other accounts in the observed graph."
35,100000006518161100,transit,0.9035761684047127,"It matches the transit review rule, with observed payments from 3 accounts and to 2 accounts. It is reachable from 3 starting case accounts within four directed hops and lies on shortest directed routes between other accounts in the observed graph."
36,100000007594394100,coordinator,0.9021349399584172,It matches the coordination review rule across 7 observed directed relationships. It is reachable from 4 starting case accounts within four directed hops and lies on shortest directed routes between other accounts in the observed graph.
37,100000005782781100,distributor,0.9012239834538769,"It matches the distribution review rule, with observed payments to 10 accounts. It is reachable from 3 starting case accounts within four directed hops and lies on shortest directed routes between other accounts in the observed graph."
38,100000003701161100,consolidator,0.9010940226812554,"It matches the collection review rule, with observed payments from 4 accounts. It is reachable from 3 starting case accounts within four directed hops and lies on shortest directed routes between other accounts in the observed graph."
39,100000007908818100,coordinator,0.9010190324067204,It matches the coordination review rule across 10 observed directed relationships. It is reachable from 8 starting case accounts within four directed hops and lies on shortest directed routes between other accounts in the observed graph.
40,100000004299488100,consolidator,0.9008369522318047,"It matches the collection review rule, with observed payments from 6 accounts. It is reachable from 3 starting case accounts within four directed hops and lies on shortest directed routes between other accounts in the observed graph."
41,100000008512827100,distributor,0.8980846357947616,"It matches the distribution review rule, with observed payments to 10 accounts. It is reachable from 5 starting case accounts within four directed hops and lies on shortest directed routes between other accounts in the observed graph."
42,100000007055802100,consolidator,0.8980639070892832,"It matches the collection review rule, with observed payments from 6 accounts. It is reachable from 3 starting case accounts within four directed hops and lies on shortest directed routes between other accounts in the observed graph."
43,100000005704413100,distributor,0.8973671431096685,"It matches the distribution review rule, with observed payments to 32 accounts. It lies on shortest directed routes between other accounts in the observed graph and is reachable from 2 starting case accounts within four directed hops."
44,100000001616816100,coordinator,0.8966436103756195,"It matches the coordination review rule across 8 observed directed relationships. It is reachable from 7 accounts that started the case within four directed hops, in addition to reaching itself and lies on shortest directed routes between other accounts in the observed graph."
45,100000004403675100,coordinator,0.8957743967438896,It matches the coordination review rule across 9 observed directed relationships. It is reachable from 3 starting case accounts within four directed hops and lies on shortest directed routes between other accounts in the observed graph.
46,100000008637537100,consolidator,0.8932448636873694,"It matches the collection review rule, with observed payments from 3 accounts. It is reachable from 4 accounts that started the case within four directed hops, in addition to reaching itself and lies on shortest directed routes between other accounts in the observed graph."
47,100000004351795100,distributor,0.8928590912312216,"It matches the distribution review rule, with observed payments to 14 accounts. It is reachable from 3 starting case accounts within four directed hops and lies on shortest directed routes between other accounts in the observed graph."
48,100000002741024100,coordinator,0.8897912456621072,It matches the coordination review rule across 11 observed directed relationships. It is reachable from 3 starting case accounts within four directed hops and lies on shortest directed routes between other accounts in the observed graph.
49,100000008731444100,distributor,0.8895000021486773,"It matches the distribution review rule, with observed payments to 9 accounts. It is reachable from 3 starting case accounts within four directed hops and lies on shortest directed routes between other accounts in the observed graph."
50,100000004400305100,distributor,0.888504000136137,"It matches the distribution review rule, with observed payments to 82 accounts. It lies on shortest directed routes between other accounts in the observed graph and is reachable from 2 starting case accounts within four directed hops."
